101,2023-03-01 08:04:20,2023-03-01 17:06:44
102,2023-03-01 07:57:07,2023-03-01 16:57:30
103,2023-03-01 07:52:34,2023-03-01 16:59:24
105,2023-03-01 07:52:34,2023-03-01 16:52:01
106,2023-03-01 08:03:55,2023-03-01 17:00:53
107,2023-03-01 08:08:13,2023-03-01 16:58:01
101,2023-03-02 07:50:14,2023-03-02 17:00:31
102,2023-03-02 07:56:49,2023-03-02 17:01:26
103,2023-03-02 08:03:42,2023-03-02 16:56:41
104,2023-03-02 07:59:56,2023-03-02 16:58:48
105,2023-03-02 08:00:33,2023-03-02 16:55:56
106,2023-03-02 07:52:48,2023-03-02 16:51:47
107,2023-03-02 07:59:44,2023-03-02 17:00:19
108,2023-03-02 07:50:40,2023-03-02 16:53:53
101,2023-03-03 08:07:40,2023-03-03 17:00:23
102,2023-03-03 08:07:02,2023-03-03 16:56:19
103,2023-03-03 07:59:54,2023-03-03 17:01:46
104,2023-03-03 08:00:23,2023-03-03 16:54:47
106,2023-03-03 08:00:05,2023-03-03 17:06:22
107,2023-03-03 07:51:52,2023-03-03 17:09:55
108,2023-03-03 08:06:07,2023-03-03 16:59:27
101,2023-03-04 07:49:23,2023-03-04 17:06:13
102,2023-03-04 07:58:13,2023-03-04 16:52:49
103,2023-03-04 07:52:45,2023-03-04 17:06:32
104,2023-03-04 08:02:46,2023-03-04 17:00:36
105,2023-03-04 07:53:58,2023-03-04 16:58:08
106,2023-03-04 08:00:20,2023-03-04 17:00:16
107,2023-03-04 08:05:48,2023-03-04 17:08:08
108,2023-03-04 07:53:42,2023-03-04 16:50:58
101,2023-03-05 07:49:52,2023-03-05 16:59:54
102,2023-03-05 08:05:22,2023-03-05 17:00:39
103,2023-03-05 07:58:48,2023-03-05 16:53:36
104,2023-03-05 08:00:58,2023-03-05 17:07:12
105,2023-03-05 07:57:53,2023-03-05 16:57:30
106,2023-03-05 07:57:45,2023-03-05 17:07:11
107,2023-03-05 08:07:12,2023-03-05 17:08:36
108,2023-03-05 08:01:20,2023-03-05 16:56:58
101,2023-03-06 08:06:23,2023-03-06 17:03:48
102,2023-03-06 08:04:54,2023-03-06 16:57:55
103,2023-03-06 07:55:55,2023-03-06 16:50:40
105,2023-03-06 08:04:01,2023-03-06 16:51:20
106,2023-03-06 07:52:18,2023-03-06 16:59:07
107,2023-03-06 08:06:35,2023-03-06 16:56:53
108,2023-03-06 07:50:33,2023-03-06 17:02:22
101,2023-03-07 07:52:05,2023-03-07 17:08:40
102,2023-03-07 08:07:00,2023-03-07 16:49:37
103,2023-03-07 08:00:47,2023-03-07 17:08:22
104,2023-03-07 07:58:04,2023-03-07 16:57:53
105,2023-03-07 07:57:11,2023-03-07 17:05:03
106,2023-03-07 08:08:17,2023-03-07 17:07:17
107,2023-03-07 07:58:04,2023-03-07 16:58:40
108,2023-03-07 08:02:29,2023-03-07 16:52:23
101,2023-03-08 08:04:47,2023-03-08 17:06:13
102,2023-03-08 07:53:02,2023-03-08 17:00:01
103,2023-03-08 08:06:18,2023-03-08 17:04:38
104,2023-03-08 07:58:16,2023-03-08 16:57:52
105,2023-03-08 07:50:50,2023-03-08 17:00:13
106,2023-03-08 07:53:21,2023-03-08 16:58:10
107,2023-03-08 07:55:19,2023-03-08 17:04:43
108,2023-03-08 07:54:36,2023-03-08 17:04:04
101,2023-03-09 07:50:11,2023-03-09 16:55:22
103,2023-03-09 07:55:53,2023-03-09 16:58:25
104,2023-03-09 07:56:15,2023-03-09 17:00:03
105,2023-03-09 08:07:33,2023-03-09 16:57:08
106,2023-03-09 07:58:52,2023-03-09 17:01:52
107,2023-03-09 08:02:19,2023-03-09 16:54:10
108,2023-03-09 07:59:49,2023-03-09 16:53:01
101,2023-03-10 07:53:23,2023-03-10 16:51:05
102,2023-03-10 07:49:03,2023-03-10 16:51:16
103,2023-03-10 08:05:48,2023-03-10 17:05:40
104,2023-03-10 07:52:44,2023-03-10 16:54:04
105,2023-03-10 07:58:10,2023-03-10 16:50:10
106,2023-03-10 08:03:35,2023-03-10 16:50:46
107,2023-03-10 08:03:03,2023-03-10 17:00:29
101,2023-03-11 07:55:06,2023-03-11 16:50:28
102,2023-03-11 08:00:00,2023-03-11 17:03:50
104,2023-03-11 08:01:41,2023-03-11 17:06:32
105,2023-03-11 07:56:00,2023-03-11 17:00:02
106,2023-03-11 07:51:26,2023-03-11 16:50:45
107,2023-03-11 07:56:47,2023-03-11 16:49:53
108,2023-03-11 07:57:55,2023-03-11 16:59:54
101,2023-03-12 07:55:48,2023-03-12 17:05:09
102,2023-03-12 08:00:58,2023-03-12 16:53:02
103,2023-03-12 07:50:08,2023-03-12 16:53:33
104,2023-03-12 07:59:38,2023-03-12 17:03:05
105,2023-03-12 08:06:25,2023-03-12 16:57:08
107,2023-03-12 08:05:47,2023-03-12 16:59:56
108,2023-03-12 08:05:57,2023-03-12 16:58:09
101,2023-03-13 07:50:07,2023-03-13 16:55:29
102,2023-03-13 08:01:04,2023-03-13 16:58:51
105,2023-03-13 08:07:35,2023-03-13 16:50:07
106,2023-03-13 08:07:21,2023-03-13 17:02:45
107,2023-03-13 08:01:34,2023-03-13 16:55:49
108,2023-03-13 08:07:46,2023-03-13 16:50:02
101,2023-03-14 08:02:04,2023-03-14 16:50:33
102,2023-03-14 07:55:06,2023-03-14 16:58:38
103,2023-03-14 08:08:13,2023-03-14 16:53:07
104,2023-03-14 07:50:25,2023-03-14 17:00:48
105,2023-03-14 07:58:40,2023-03-14 17:05:48
106,2023-03-14 07:56:05,2023-03-14 17:04:54
107,2023-03-14 08:07:04,2023-03-14 17:01:45
108,2023-03-14 07:51:23,2023-03-14 17:07:40
101,2023-03-15 08:05:06,2023-03-15 16:58:30
102,2023-03-15 07:53:12,2023-03-15 17:03:31
103,2023-03-15 08:03:08,2023-03-15 17:02:04
104,2023-03-15 08:05:12,2023-03-15 17:02:02
105,2023-03-15 07:49:16,2023-03-15 17:04:27
106,2023-03-15 08:04:54,2023-03-15 16:51:45
107,2023-03-15 07:49:07,2023-03-15 17:03:42
108,2023-03-15 08:09:56,2023-03-15 17:08:58
101,2023-03-16 07:50:35,2023-03-16 17:02:01
102,2023-03-16 07:53:55,2023-03-16 17:04:57
103,2023-03-16 07:49:15,2023-03-16 17:06:38
104,2023-03-16 08:03:19,2023-03-16 16:52:28
105,2023-03-16 08:03:54,2023-03-16 17:02:38
106,2023-03-16 07:54:26,2023-03-16 17:03:58
107,2023-03-16 08:04:33,2023-03-16 16:59:19
101,2023-03-17 08:05:02,2023-03-17 16:51:42
103,2023-03-17 08:00:43,2023-03-17 17:07:32
104,2023-03-17 08:06:19,2023-03-17 16:58:55
105,2023-03-17 07:56:21,2023-03-17 17:01:33
106,2023-03-17 07:52:15,2023-03-17 17:05:20
108,2023-03-17 08:01:03,2023-03-17 17:06:00
101,2023-03-18 07:58:13,2023-03-18 16:55:32
102,2023-03-18 07:58:19,2023-03-18 16:57:56
104,2023-03-18 08:05:24,2023-03-18 16:54:40
105,2023-03-18 07:51:07,2023-03-18 16:57:11
106,2023-03-18 07:50:17,2023-03-18 16:54:46
107,2023-03-18 07:53:25,2023-03-18 16:53:29
108,2023-03-18 08:02:13,2023-03-18 17:03:49
101,2023-03-19 07:58:38,2023-03-19 16:52:12
103,2023-03-19 08:09:38,2023-03-19 17:00:57
104,2023-03-19 08:01:52,2023-03-19 17:08:43
105,2023-03-19 07:55:35,2023-03-19 17:05:15
106,2023-03-19 08:03:26,2023-03-19 16:58:28
107,2023-03-19 08:03:30,2023-03-19 16:58:04
108,2023-03-19 08:02:15,2023-03-19 16:56:41
101,2023-03-20 07:51:50,2023-03-20 17:06:42
103,2023-03-20 08:00:23,2023-03-20 16:54:04
104,2023-03-20 08:05:27,2023-03-20 16:58:41
105,2023-03-20 07:57:54,2023-03-20 16:59:20
107,2023-03-20 07:56:01,2023-03-20 17:06:16
101,2023-03-21 07:56:53,2023-03-21 17:09:02
102,2023-03-21 08:06:36,2023-03-21 17:03:42
103,2023-03-21 07:49:56,2023-03-21 17:06:43
104,2023-03-21 07:54:14,2023-03-21 17:02:44
105,2023-03-21 08:02:31,2023-03-21 16:59:27
106,2023-03-21 08:07:51,2023-03-21 16:59:20
107,2023-03-21 07:58:52,2023-03-21 16:52:49
108,2023-03-21 08:01:43,2023-03-21 17:07:32
101,2023-03-22 08:00:58,2023-03-22 16:57:02
102,2023-03-22 07:51:58,2023-03-22 16:54:49
103,2023-03-22 08:06:23,2023-03-22 16:52:09
104,2023-03-22 08:06:37,2023-03-22 17:01:30
105,2023-03-22 07:55:03,2023-03-22 16:50:11
106,2023-03-22 08:01:56,2023-03-22 17:02:19
107,2023-03-22 08:01:58,2023-03-22 16:56:39
108,2023-03-22 07:51:58,2023-03-22 17:09:39
102,2023-03-23 08:00:15,2023-03-23 17:03:31
103,2023-03-23 07:58:26,2023-03-23 17:04:34
104,2023-03-23 07:51:18,2023-03-23 16:51:18
105,2023-03-23 07:50:20,2023-03-23 17:08:15
107,2023-03-23 08:03:31,2023-03-23 17:06:33
108,2023-03-23 07:52:28,2023-03-23 16:54:58
101,2023-03-24 07:58:25,2023-03-24 16:54:07
102,2023-03-24 07:49:26,2023-03-24 16:57:00
103,2023-03-24 08:03:32,2023-03-24 16:51:19
104,2023-03-24 08:00:22,2023-03-24 17:01:57
105,2023-03-24 07:57:02,2023-03-24 16:52:12
108,2023-03-24 08:04:23,2023-03-24 16:55:40
101,2023-03-25 07:52:27,2023-03-25 17:06:01
102,2023-03-25 07:52:36,2023-03-25 16:52:29
103,2023-03-25 08:01:49,2023-03-25 17:01:17
104,2023-03-25 08:02:40,2023-03-25 16:49:28
105,2023-03-25 08:00:55,2023-03-25 17:03:43
107,2023-03-25 08:03:05,2023-03-25 17:05:17
108,2023-03-25 07:54:51,2023-03-25 17:06:46
101,2023-03-26 07:49:26,2023-03-26 17:00:02
102,2023-03-26 07:55:50,2023-03-26 17:02:17
103,2023-03-26 08:05:35,2023-03-26 17:07:29
105,2023-03-26 07:59:33,2023-03-26 17:04:12
106,2023-03-26 08:01:06,2023-03-26 16:52:05
107,2023-03-26 07:59:56,2023-03-26 17:08:29
108,2023-03-26 07:51:48,2023-03-26 17:06:58
101,2023-03-27 08:06:30,2023-03-27 16:53:54
102,2023-03-27 07:53:27,2023-03-27 17:02:18
103,2023-03-27 08:09:29,2023-03-27 16:55:12
104,2023-03-27 08:08:29,2023-03-27 17:09:34
105,2023-03-27 08:04:25,2023-03-27 16:50:49
106,2023-03-27 08:02:51,2023-03-27 17:06:35
107,2023-03-27 08:08:43,2023-03-27 16:51:44
108,2023-03-27 08:07:54,2023-03-27 17:04:05
101,2023-03-28 07:55:41,2023-03-28 16:56:11
102,2023-03-28 08:01:34,2023-03-28 16:54:00
103,2023-03-28 07:57:50,2023-03-28 17:07:37
105,2023-03-28 08:02:15,2023-03-28 17:02:48
106,2023-03-28 08:05:45,2023-03-28 16:54:57
107,2023-03-28 07:59:53,2023-03-28 17:00:50
108,2023-03-28 07:57:07,2023-03-28 16:56:45
101,2023-03-29 08:01:24,2023-03-29 16:56:06
102,2023-03-29 07:59:25,2023-03-29 16:58:05
103,2023-03-29 08:09:38,2023-03-29 17:06:18
104,2023-03-29 08:07:54,2023-03-29 16:57:42
105,2023-03-29 07:55:18,2023-03-29 16:50:29
106,2023-03-29 07:50:37,2023-03-29 16:59:54
107,2023-03-29 08:06:31,2023-03-29 16:54:04
108,2023-03-29 08:01:39,2023-03-29 16:54:14
101,2023-03-30 07:57:23,2023-03-30 17:03:15
102,2023-03-30 08:04:51,2023-03-30 17:09:37
103,2023-03-30 08:08:14,2023-03-30 17:05:42
104,2023-03-30 08:04:41,2023-03-30 16:54:46
105,2023-03-30 08:06:02,2023-03-30 16:54:05
106,2023-03-30 08:09:22,2023-03-30 16:52:24
107,2023-03-30 08:05:47,2023-03-30 16:56:27
108,2023-03-30 07:54:58,2023-03-30 17:01:06